Automated update on Mon Oct 27 15:01:39 UTC 2025
Automated update on Tue Oct 28 02:14:00 UTC 2025
Automated update on Wed Oct 29 02:21:26 UTC 2025
Automated update on Thu Oct 30 02:19:37 UTC 2025
Automated update on Fri Oct 31 02:17:14 UTC 2025
Automated update on Sat Nov  1 02:20:13 UTC 2025
Automated update on Sun Nov  2 02:23:05 UTC 2025
Automated update on Mon Nov  3 02:22:30 UTC 2025
Automated update on Tue Nov  4 02:17:19 UTC 2025
Automated update on Wed Nov  5 02:19:16 UTC 2025
Automated update on Thu Nov  6 02:19:36 UTC 2025
Automated update on Fri Nov  7 02:17:25 UTC 2025
Automated update on Sat Nov  8 02:10:48 UTC 2025
